"","coef.slx.","coef.slx_1.","coef.slx_2.","coef.slx_3.","coef.slx_4.","coef.slx_5.","coef.slx_6."
"TA",0.0429743687790247,0.0707826286005658,0.0958300859419068,0.0914209953303693,0.0938185824662103,0.0876167414646363,0.0658163638138271
"PA",-0.0530597921528681,-0.0468587282013741,-0.0444426435520728,-0.0486203594418145,-0.0426049083962527,-0.0292004337822431,-0.0342798229210774
"DL",0.013221584998861,0.0199586788110337,0.0127131390698011,0.0203606760682907,0.0238679152534042,0.0284143907125607,0.0200693685499599
"sum_disp",0.104963821058261,0.0558774912685288,0.0931249568892435,0.0554612990998156,0.0428539515170353,0.0396350933253132,0.0621642576511406
"Wlag.TA",0.0157382193792243,-0.00254532212060941,0.0513229425131211,0.0373774475130955,0.00652496857823646,-0.00610652516821753,-0.0603000842806293
"Wlag.PA",-0.0177488252688142,-4.5437741104514e-05,-0.0429577814203857,-0.0308923139170294,-0.00611750849118687,0.0043498907341012,0.0487187509059262
"Wlag.DL",-0.0043570757124519,0.00712806557529428,-0.0128580992951709,-0.00760764493713474,0.00413093752703951,0.00731253555257765,0.0216887585570352
"Wlag.sum_disp",0.0728514542839872,-0.043164641944563,-0.00439531316929674,-0.0433764006916498,-0.0799279369327799,-0.0754636204793346,-0.0604875859085045
