"","summary.slx..aic","summary.slx_1..aic","summary.slx_2..aic","summary.slx_3..aic","summary.slx_4..aic","summary.slx_5..aic","summary.slx_6..aic"
"1",-6410.09814680665,-6408.62638688884,-6419.05433454139,-6416.21749211029,-6416.25388200693,-6413.93755858555,-6410.10377002074
