"","summary.slx..coef...4.","summary.slx_1..coef...4.","summary.slx_2..coef...4.","summary.slx_3..coef...4.","summary.slx_4..coef...4.","summary.slx_5..coef...4.","summary.slx_6..coef...4."
"TA",0.0883891294457529,0.0067341790139001,0.000201321068177342,0.000252767663250576,0.000130728392574781,0.000300320506431877,0.00637499865100668
"PA",0.0247204802805746,0.0452846815766737,0.0671611307021281,0.0426757395334798,0.0711084446055545,0.238204194336235,0.160545002061214
"DL",0.210298958594255,0.107643962535027,0.234486348400423,0.0975849965424216,0.059383575852423,0.0263944202146699,0.0927153632234417
"Wlag.TA",0.638449475777747,0.93793474533958,0.253540612899259,0.428687042989292,0.951287852057668,0.853561485957756,0.165654225283346
"Wlag.PA",0.590367593240652,0.990633052026064,0.24449246175722,0.426214571655092,0.921775335463128,0.887966899984414,0.19177231275299
"Wlag.DL",0.918882990652107,0.811434960815017,0.528235590457205,0.659203374337749,0.94093240097514,0.820786707359554,0.342699912172728
